;COEF;MODEL;TRAIN;TEST;ERRORS
0;Root mean squared error;SimpleRNN;0.02343254539207495;0.06309628174799009;0.02343254539207495
1;Mean absolute error;SimpleRNN;0.01761503967686056;0.04003635584188937;0.01761503967686056
2;Mean squared logarithmic error;SimpleRNN;0.0004745955215375794;0.0031634078002194194;0.0004745955215375794
3;Root mean squared error;LSTM;0.025002499382168256;0.06651398841598012;0.025002499382168256
4;Mean absolute error;LSTM;0.01857869885337596;0.04540042070138775;0.01857869885337596
5;Mean squared logarithmic error;LSTM;0.0005412908820410652;0.0035406127141810466;0.0005412908820410652
6;Root mean squared error;GRU;0.024022830968054167;0.06435323439012046;0.024022830968054167
7;Mean absolute error;GRU;0.017964075457885365;0.04229041277163795;0.017964075457885365
8;Mean squared logarithmic error;GRU;0.0004990493933915348;0.0032983244445843047;0.0004990493933915348
